No.,Japanese,English
1,フシギダネ,Bulbasaur
2,フシギソウ,Ivysaur
3,フシギバナ,Venusaur
4,ヒトカゲ,Charmander
5,リザード,Charmeleon
6,リザードン,Charizard
7,ゼニガメ,Squirtle
8,カメール,Wartortle
9,カメックス,Blastoise
10,キャタピー,Caterpie
11,トランセル,Metapod
12,バタフリー,Butterfree
13,ビードル,Weedle
14,コクーン,Kakuna
15,スピアー,Beedrill
16,ポッポ,Pidgey
17,ピジョン,Pidgeotto
18,ピジョット,Pidgeot
19,コラッタ,Rattata
20,ラッタ,Raticate
21,オニスズメ,Spearow
22,オニドリル,Fearow
23,アーボ,Ekans
24,アーボック,Arbok
25,ピカチュウ,Pikachu
26,ライチュウ,Raichu
27,サンド,Sandshrew
28,サンドパン,Sandslash
29,ニドラン♀,Nidoran♀
30,ニドリーナ,Nidorina
31,ニドクイン,Nidoqueen
32,ニドラン♂,Nidoran♂
33,ニドリーノ,Nidorino
34,ニドキング,Nidoking
35,ピッピ,Clefairy
36,ピクシー,Clefable
37,ロコン,Vulpix
38,キュウコン,Ninetales
39,プリン,Jigglypuff
40,プクリン,Wigglytuff
41,ズバット,Zubat
42,ゴルバット,Golbat
43,ナゾノクサ,Oddish
44,クサイハナ,Gloom
45,ラフレシア,Vileplume
46,パラス,Paras
47,パラセクト,Parasect
48,コンパン,Venonat
49,モルフォン,Venomoth
50,ディグダ,Diglett
51,ダグトリオ,Dugtrio
52,ニャース,Meowth
53,ペルシアン,Persian
54,コダック,Psyduck
55,ゴルダック,Golduck
56,マンキー,Mankey
57,オコリザル,Primeape
58,ガーディ,Growlithe
59,ウインディ,Arcanine
60,ニョロモ,Poliwag
61,ニョロゾ,Poliwhirl
62,ニョロボン,Poliwrath
63,ケーシィ,Abra
64,ユンゲラー,Kadabra
65,フーディン,Alakazam
66,ワンリキー,Machop
67,ゴーリキー,Machoke
68,カイリキー,Machamp
69,マダツボミ,Bellsprout
70,ウツドン,Weepinbell
71,ウツボット,Victreebel
72,メノクラゲ,Tentacool
73,ドククラゲ,Tentacruel
74,イシツブテ,Geodude
75,ゴローン,Graveler
76,ゴローニャ,Golem
77,ポニータ,Ponyta
78,ギャロップ,Rapidash
79,ヤドン,Slowpoke
80,ヤドラン,Slowbro
81,コイル,Magnemite
82,レアコイル,Magneton
83,カモネギ,Farfetch'd
84,ドードー,Doduo
85,ドードリオ,Dodrio
86,パウワウ,Seel
87,ジュゴン,Dewgong
88,ベトベター,Grimer
89,ベトベトン,Muk
90,シェルダー,Shellder
91,パルシェン,Cloyster
92,ゴース,Gastly
93,ゴースト,Haunter
94,ゲンガー,Gengar
95,イワーク,Onix
96,スリープ,Drowzee
97,スリーパー,Hypno
98,クラブ,Krabby
99,キングラー,Kingler
100,ビリリダマ,Voltorb
101,マルマイン,Electrode
102,タマタマ,Exeggcute
103,ナッシー,Exeggutor
104,カラカラ,Cubone
105,ガラガラ,Marowak
106,サワムラー,Hitmonlee
107,エビワラー,Hitmonchan
108,ベロリンガ,Lickitung
109,ドガース,Koffing
110,マタドガス,Weezing
111,サイホーン,Rhyhorn
112,サイドン,Rhydon
113,ラッキー,Chansey
114,モンジャラ,Tangela
115,ガルーラ,Kangaskhan
116,タッツー,Horsea
117,シードラ,Seadra
118,トサキント,Goldeen
119,アズマオウ,Seaking
120,ヒトデマン,Staryu
121,スターミー,Starmie
122,バリヤード,Mr. Mime
123,ストライク,Scyther
124,ルージュラ,Jynx
125,エレブー,Electabuzz
126,ブーバー,Magmar
127,カイロス,Pinsir
128,ケンタロス,Tauros
129,コイキング,Magikarp
130,ギャラドス,Gyarados
131,ラプラス,Lapras
132,メタモン,Ditto
133,イーブイ,Eevee
134,シャワーズ,Vaporeon
135,サンダース,Jolteon
136,ブースター,Flareon
137,ポリゴン,Porygon
138,オムナイト,Omanyte
139,オムスター,Omastar
140,カブト,Kabuto
141,カブトプス,Kabutops
142,プテラ,Aerodactyl
143,カビゴン,Snorlax
144,フリーザー,Articuno
145,サンダー,Zapdos
146,ファイヤー,Moltres
147,ミニリュウ,Dratini
148,ハクリュー,Dragonair
149,カイリュー,Dragonite
150,ミュウツー,Mewtwo
151,ミュウ,Mew
152,チコリータ,Chikorita
153,ベイリーフ,Bayleef
154,メガニウム,Meganium
155,ヒノアラシ,Cyndaquil
156,マグマラシ,Quilava
157,バクフーン,Typhlosion
158,ワニノコ,Totodile
159,アリゲイツ,Croconaw
160,オーダイル,Feraligatr
161,オタチ,Sentret
162,オオタチ,Furret
163,ホーホー,Hoothoot
164,ヨルノズク,Noctowl
165,レディバ,Ledyba
166,レディアン,Ledian
167,イトマル,Spinarak
168,アリアドス,Ariados
169,クロバット,Crobat
170,チョンチー,Chinchou
171,ランターン,Lanturn
172,ピチュー,Pichu
173,ピィ,Cleffa
174,ププリン,Igglybuff
175,トゲピー,Togepi
176,トゲチック,Togetic
177,ネイティ,Natu
178,ネイティオ,Xatu
179,メリープ,Mareep
180,モココ,Flaaffy
181,デンリュウ,Ampharos
182,キレイハナ,Bellossom
183,マリル,Marill
184,マリルリ,Azumarill
185,ウソッキー,Sudowoodo
186,ニョロトノ,Politoed
187,ハネッコ,Hoppip
188,ポポッコ,Skiploom
189,ワタッコ,Jumpluff
190,エイパム,Aipom
191,ヒマナッツ,Sunkern
192,キマワリ,Sunflora
193,ヤンヤンマ,Yanma
194,ウパー,Wooper
195,ヌオー,Quagsire
196,エーフィ,Espeon
197,ブラッキー,Umbreon
198,ヤミカラス,Murkrow
199,ヤドキング,Slowking
200,ムウマ,Misdreavus
201,アンノーン,Unown
202,ソーナンス,Wobbuffet
203,キリンリキ,Girafarig
204,クヌギダマ,Pineco
205,フォレトス,Forretress
206,ノコッチ,Dunsparce
207,グライガー,Gligar
208,ハガネール,Steelix
209,ブルー,Snubbull
210,グランブル,Granbull
211,ハリーセン,Qwilfish
212,ハッサム,Scizor
213,ツボツボ,Shuckle
214,ヘラクロス,Heracross
215,ニューラ,Sneasel
216,ヒメグマ,Teddiursa
217,リングマ,Ursaring
218,マグマッグ,Slugma
219,マグカルゴ,Magcargo
220,ウリムー,Swinub
221,イノムー,Piloswine
222,サニーゴ,Corsola
223,テッポウオ,Remoraid
224,オクタン,Octillery
225,デリバード,Delibird
226,マンタイン,Mantine
227,エアームド,Skarmory
228,デルビル,Houndour
229,ヘルガー,Houndoom
230,キングドラ,Kingdra
231,ゴマゾウ,Phanpy
232,ドンファン,Donphan
233,ポリゴン２,Porygon2
234,オドシシ,Stantler
235,ドーブル,Smeargle
236,バルキー,Tyrogue
237,カポエラー,Hitmontop
238,ムチュール,Smoochum
239,エレキッド,Elekid
240,ブビィ,Magby
241,ミルタンク,Miltank
242,ハピナス,Blissey
243,ライコウ,Raikou
244,エンテイ,Entei
245,スイクン,Suicune
246,ヨーギラス,Larvitar
247,サナギラス,Pupitar
248,バンギラス,Tyranitar
249,ルギア,Lugia
250,ホウオウ,Ho-Oh
251,セレビィ,Celebi
252,キモリ,Treecko
253,ジュプトル,Grovyle
254,ジュカイン,Sceptile
255,アチャモ,Torchic
256,ワカシャモ,Combusken
257,バシャーモ,Blaziken
258,ミズゴロウ,Mudkip
259,ヌマクロー,Marshtomp
260,ラグラージ,Swampert
261,ポチエナ,Poochyena
262,グラエナ,Mightyena
263,ジグザグマ,Zigzagoon
264,マッスグマ,Linoone
265,ケムッソ,Wurmple
266,カラサリス,Silcoon
267,アゲハント,Beautifly
268,マユルド,Cascoon
269,ドクケイル,Dustox
270,ハスボー,Lotad
271,ハスブレロ,Lombre
272,ルンパッパ,Ludicolo
273,タネボー,Seedot
274,コノハナ,Nuzleaf
275,ダーテング,Shiftry
276,スバメ,Taillow
277,オオスバメ,Swellow
278,キャモメ,Wingull
279,ペリッパー,Pelipper
280,ラルトス,Ralts
281,キルリア,Kirlia
282,サーナイト,Gardevoir
283,アメタマ,Surskit
284,アメモース,Masquerain
285,キノココ,Shroomish
286,キノガッサ,Breloom
287,ナマケロ,Slakoth
288,ヤルキモノ,Vigoroth
289,ケッキング,Slaking
290,ツチニン,Nincada
291,テッカニン,Ninjask
292,ヌケニン,Shedinja
293,ゴニョニョ,Whismur
294,ドゴーム,Loudred
295,バクオング,Exploud
296,マクノシタ,Makuhita
297,ハリテヤマ,Hariyama
298,ルリリ,Azurill
299,ノズパス,Nosepass
300,エネコ,Skitty
301,エネコロロ,Delcatty
302,ヤミラミ,Sableye
303,クチート,Mawile
304,ココドラ,Aron
305,コドラ,Lairon
306,ボスゴドラ,Aggron
307,アサナン,Meditite
308,チャーレム,Medicham
309,ラクライ,Electrike
310,ライボルト,Manectric
311,プラスル,Plusle
312,マイナン,Minun
313,バルビート,Volbeat
314,イルミーゼ,Illumise
315,ロゼリア,Roselia
316,ゴクリン,Gulpin
317,マルノーム,Swalot
318,キバニア,Carvanha
319,サメハダー,Sharpedo
320,ホエルコ,Wailmer
321,ホエルオー,Wailord
322,ドンメル,Numel
323,バクーダ,Camerupt
324,コータス,Torkoal
325,バネブー,Spoink
326,ブーピッグ,Grumpig
327,パッチール,Spinda
328,ナックラー,Trapinch
329,ビブラーバ,Vibrava
330,フライゴン,Flygon
331,サボネア,Cacnea
332,ノクタス,Cacturne
333,チルット,Swablu
334,チルタリス,Altaria
335,ザングース,Zangoose
336,ハブネーク,Seviper
337,ルナトーン,Lunatone
338,ソルロック,Solrock
339,ドジョッチ,Barboach
340,ナマズン,Whiscash
341,ヘイガニ,Corphish
342,シザリガー,Crawdaunt
343,ヤジロン,Baltoy
344,ネンドール,Claydol
345,リリーラ,Lileep
346,ユレイドル,Cradily
347,アノプス,Anorith
348,アーマルド,Armaldo
349,ヒンバス,Feebas
350,ミロカロス,Milotic
351,ポワルン,Castform
352,カクレオン,Kecleon
353,カゲボウズ,Shuppet
354,ジュペッタ,Banette
355,ヨマワル,Duskull
356,サマヨール,Dusclops
357,トロピウス,Tropius
358,チリーン,Chimecho
359,アブソル,Absol
360,ソーナノ,Wynaut
361,ユキワラシ,Snorunt
362,オニゴーリ,Glalie
363,タマザラシ,Spheal
364,トドグラー,Sealeo
365,トドゼルガ,Walrein
366,パールル,Clamperl
367,ハンテール,Huntail
368,サクラビス,Gorebyss
369,ジーランス,Relicanth
370,ラブカス,Luvdisc
371,タツベイ,Bagon
372,コモルー,Shelgon
373,ボーマンダ,Salamence
374,ダンバル,Beldum
375,メタング,Metang
376,メタグロス,Metagross
377,レジロック,Regirock
378,レジアイス,Regice
379,レジスチル,Registeel
380,ラティアス,Latias
381,ラティオス,Latios
382,カイオーガ,Kyogre
383,グラードン,Groudon
384,レックウザ,Rayquaza
385,ジラーチ,Jirachi
386,デオキシス,Deoxys
387,ナエトル,Turtwig
388,ハヤシガメ,Grotle
389,ドダイトス,Torterra
390,ヒコザル,Chimchar
391,モウカザル,Monferno
392,ゴウカザル,Infernape
393,ポッチャマ,Piplup
394,ポッタイシ,Prinplup
395,エンペルト,Empoleon
396,ムックル,Starly
397,ムクバード,Staravia
398,ムクホーク,Staraptor
399,ビッパ,Bidoof
400,ビーダル,Bibarel
401,コロボーシ,Kricketot
402,コロトック,Kricketune
403,コリンク,Shinx
404,ルクシオ,Luxio
405,レントラー,Luxray
406,スボミー,Budew
407,ロズレイド,Roserade
408,ズガイドス,Cranidos
409,ラムパルド,Rampardos
410,タテトプス,Shieldon
411,トリデプス,Bastiodon
412,ミノムッチ,Burmy
413,ミノマダム,Wormadam
414,ガーメイル,Mothim
415,ミツハニー,Combee
416,ビークイン,Vespiquen
417,パチリス,Pachirisu
418,ブイゼル,Buizel
419,フローゼル,Floatzel
420,チェリンボ,Cherubi
421,チェリム,Cherrim
422,カラナクシ,Shellos
423,トリトドン,Gastrodon
424,エテボース,Ambipom
425,フワンテ,Drifloon
426,フワライド,Drifblim
427,ミミロル,Buneary
428,ミミロップ,Lopunny
429,ムウマージ,Mismagius
430,ドンカラス,Honchkrow
431,ニャルマー,Glameow
432,ブニャット,Purugly
433,リーシャン,Chingling
434,スカンプー,Stunky
435,スカタンク,Skuntank
436,ドーミラー,Bronzor
437,ドータクン,Bronzong
438,ウソハチ,Bonsly
439,マネネ,Mime Jr.
440,ピンプク,Happiny
441,ペラップ,Chatot
442,ミカルゲ,Spiritomb
443,フカマル,Gible
444,ガバイト,Gabite
445,ガブリアス,Garchomp
446,ゴンベ,Munchlax
447,リオル,Riolu
448,ルカリオ,Lucario
449,ヒポポタス,Hippopotas
450,カバルドン,Hippowdon
451,スコルピ,Skorupi
452,ドラピオン,Drapion
453,グレッグル,Croagunk
454,ドクロッグ,Toxicroak
455,マスキッパ,Carnivine
456,ケイコウオ,Finneon
457,ネオラント,Lumineon
458,タマンタ,Mantyke
459,ユキカブリ,Snover
460,ユキノオー,Abomasnow
461,マニューラ,Weavile
462,ジバコイル,Magnezone
463,ベロベルト,Lickilicky
464,ドサイドン,Rhyperior
465,モジャンボ,Tangrowth
466,エレキブル,Electivire
467,ブーバーン,Magmortar
468,トゲキッス,Togekiss
469,メガヤンマ,Yanmega
470,リーフィア,Leafeon
471,グレイシア,Glaceon
472,グライオン,Gliscor
473,マンムー,Mamoswine
474,ポリゴンＺ,Porygon-Z
475,エルレイド,Gallade
476,ダイノーズ,Probopass
477,ヨノワール,Dusknoir
478,ユキメノコ,Froslass
479,ロトム,Rotom
480,ユクシー,Uxie
481,エムリット,Mesprit
482,アグノム,Azelf
483,ディアルガ,Dialga
484,パルキア,Palkia
485,ヒードラン,Heatran
486,レジギガス,Regigigas
487,ギラティナ,Giratina
488,クレセリア,Cresselia
489,フィオネ,Phione
490,マナフィ,Manaphy
491,ダークライ,Darkrai
492,シェイミ,Shaymin
493,アルセウス,Arceus
494,ビクティニ,Victini
495,ツタージャ,Snivy
496,ジャノビー,Servine
497,ジャローダ,Serperior
498,ポカブ,Tepig
499,チャオブー,Pignite
500,エンブオー,Emboar
501,ミジュマル,Oshawott
502,フタチマル,Dewott
503,ダイケンキ,Samurott
504,ミネズミ,Patrat
505,ミルホッグ,Watchog
506,ヨーテリー,Lillipup
507,ハーデリア,Herdier
508,ムーランド,Stoutland
509,チョロネコ,Purrloin
510,レパルダス,Liepard
511,ヤナップ,Pansage
512,ヤナッキー,Simisage
513,バオップ,Pansear
514,バオッキー,Simisear
515,ヒヤップ,Panpour
516,ヒヤッキー,Simipour
517,ムンナ,Munna
518,ムシャーナ,Musharna
519,マメパト,Pidove
520,ハトーボー,Tranquill
521,ケンホロウ,Unfezant
522,シママ,Blitzle
523,ゼブライカ,Zebstrika
524,ダンゴロ,Roggenrola
525,ガントル,Boldore
526,ギガイアス,Gigalith
527,コロモリ,Woobat
528,ココロモリ,Swoobat
529,モグリュー,Drilbur
530,ドリュウズ,Excadrill
531,タブンネ,Audino
532,ドッコラー,Timburr
533,ドテッコツ,Gurdurr
534,ローブシン,Conkeldurr
535,オタマロ,Tympole
536,ガマガル,Palpitoad
537,ガマゲロゲ,Seismitoad
538,ナゲキ,Throh
539,ダゲキ,Sawk
540,クルミル,Sewaddle
541,クルマユ,Swadloon
542,ハハコモリ,Leavanny
543,フシデ,Venipede
544,ホイーガ,Whirlipede
545,ペンドラー,Scolipede
546,モンメン,Cottonee
547,エルフーン,Whimsicott
548,チュリネ,Petilil
549,ドレディア,Lilligant
550,バスラオ,Basculin
551,メグロコ,Sandile
552,ワルビル,Krokorok
553,ワルビアル,Krookodile
554,ダルマッカ,Darumaka
555,ヒヒダルマ,Darmanitan
556,マラカッチ,Maractus
557,イシズマイ,Dwebble
558,イワパレス,Crustle
559,ズルッグ,Scraggy
560,ズルズキン,Scrafty
561,シンボラー,Sigilyph
562,デスマス,Yamask
563,デスカーン,Cofagrigus
564,プロトーガ,Tirtouga
565,アバゴーラ,Carracosta
566,アーケン,Archen
567,アーケオス,Archeops
568,ヤブクロン,Trubbish
569,ダストダス,Garbodor
570,ゾロア,Zorua
571,ゾロアーク,Zoroark
572,チラーミィ,Minccino
573,チラチーノ,Cinccino
574,ゴチム,Gothita
575,ゴチミル,Gothorita
576,ゴチルゼル,Gothitelle
577,ユニラン,Solosis
578,ダブラン,Duosion
579,ランクルス,Reuniclus
580,コアルヒー,Ducklett
581,スワンナ,Swanna
582,バニプッチ,Vanillite
583,バニリッチ,Vanillish
584,バイバニラ,Vanilluxe
585,シキジカ,Deerling
586,メブキジカ,Sawsbuck
587,エモンガ,Emolga
588,カブルモ,Karrablast
589,シュバルゴ,Escavalier
590,タマゲタケ,Foongus
591,モロバレル,Amoonguss
592,プルリル,Frillish
593,ブルンゲル,Jellicent
594,ママンボウ,Alomomola
595,バチュル,Joltik
596,デンチュラ,Galvantula
597,テッシード,Ferroseed
598,ナットレイ,Ferrothorn
599,ギアル,Klink
600,ギギアル,Klang
601,ギギギアル,Klinklang
602,シビシラス,Tynamo
603,シビビール,Eelektrik
604,シビルドン,Eelektross
605,リグレー,Elgyem
606,オーベム,Beheeyem
607,ヒトモシ,Litwick
608,ランプラー,Lampent
609,シャンデラ,Chandelure
610,キバゴ,Axew
611,オノンド,Fraxure
612,オノノクス,Haxorus
613,クマシュン,Cubchoo
614,ツンベアー,Beartic
615,フリージオ,Cryogonal
616,チョボマキ,Shelmet
617,アギルダー,Accelgor
618,マッギョ,Stunfisk
619,コジョフー,Mienfoo
620,コジョンド,Mienshao
621,クリムガン,Druddigon
622,ゴビット,Golett
623,ゴルーグ,Golurk
624,コマタナ,Pawniard
625,キリキザン,Bisharp
626,バッフロン,Bouffalant
627,ワシボン,Rufflet
628,ウォーグル,Braviary
629,バルチャイ,Vullaby
630,バルジーナ,Mandibuzz
631,クイタラン,Heatmor
632,アイアント,Durant
633,モノズ,Deino
634,ジヘッド,Zweilous
635,サザンドラ,Hydreigon
636,メラルバ,Larvesta
637,ウルガモス,Volcarona
638,コバルオン,Cobalion
639,テラキオン,Terrakion
640,ビリジオン,Virizion
641,トルネロス,Tornadus
642,ボルトロス,Thundurus
643,レシラム,Reshiram
644,ゼクロム,Zekrom
645,ランドロス,Landorus
646,キュレム,Kyurem
647,ケルディオ,Keldeo
648,メロエッタ,Meloetta
649,ゲノセクト,Genesect
650,ハリマロン,Chespin
651,ハリボーグ,Quilladin
652,ブリガロン,Chesnaught
653,フォッコ,Fennekin
654,テールナー,Braixen
655,マフォクシー,Delphox
656,ケロマツ,Froakie
657,ゲコガシラ,Frogadier
658,ゲッコウガ,Greninja
659,ホルビー,Bunnelby
660,ホルード,Diggersby
661,ヤヤコマ,Fletchling
662,ヒノヤコマ,Fletchinder
663,ファイアロー,Talonflame
664,コフキムシ,Scatterbug
665,コフーライ,Spewpa
666,ビビヨン,Vivillon
667,シシコ,Litleo
668,カエンジシ,Pyroar
669,フラベベ,Flabebe
670,フラエッテ,Floette
671,フラージェス,Florges
672,メェークル,Skiddo
673,ゴーゴート,Gogoat
674,ヤンチャム,Pancham
675,ゴロンダ,Pangoro
676,トリミアン,Furfrou
677,ニャスパー,Espurr
678,ニャオニクス,Meowstic
679,ヒトツキ,Honedge
680,ニダンギル,Doublade
681,ギルガルド,Aegislash
682,シュシュプ,Spritzee
683,フレフワン,Aromatisse
684,ペロッパフ,Swirlix
685,ペロリーム,Slurpuff
686,マーイーカ,Inkay
687,カラマネロ,Malamar
688,カメテテ,Binacle
689,ガメノデス,Barbaracle
690,クズモー,Skrelp
691,ドラミドロ,Dragalge
692,ウデッポウ,Clauncher
693,ブロスター,Clawitzer
694,エリキテル,Helioptile
695,エレザード,Heliolisk
696,チゴラス,Tyrunt
697,ガチゴラス,Tyrantrum
698,アマルス,Amaura
699,アマルルガ,Aurorus
700,ニンフィア,Sylveon
701,ルチャブル,Hawlucha
702,デデンネ,Dedenne
703,メレシー,Carbink
704,ヌメラ,Goomy
705,ヌメイル,Sliggoo
706,ヌメルゴン,Goodra
707,クレッフィ,Klefki
708,ボクレー,Phantump
709,オーロット,Trevenant
710,バケッチャ,Pumpkaboo
711,パンプジン,Gourgeist
712,カチコール,Bergmite
713,クレベース,Avalugg
714,オンバット,Noibat
715,オンバーン,Noivern
716,ゼルネアス,Xerneas
717,イベルタル,Yveltal
718,ジガルデ,Zygarde
719,ディアンシー,Diancie
720,フーパ,Hoopa
721,ボルケニオン,Volcanion
722,モクロー,Rowlet
723,フクスロー,Dartrix
724,ジュナイパー,Decidueye
725,ニャビー,Litten
726,ニャヒート,Torracat
727,ガオガエン,Incineroar
728,アシマリ,Popplio
729,オシャマリ,Brionne
730,アシレーヌ,Primarina
731,ツツケラ,Pikipek
732,ケララッパ,Trumbeak
733,ドデカバシ,Toucannon
734,ヤングース,Yungoos
735,デカグース,Gumshoos
736,アゴジムシ,Grubbin
737,デンヂムシ,Charjabug
738,クワガノン,Vikavolt
739,マケンカニ,Crabrawler
740,ケケンカニ,Crabominable
741,オドリドリ,Oricorio
742,アブリー,Cutiefly
743,アブリボン,Ribombee
744,イワンコ,Rockruff
745,ルガルガン,Lycanroc
746,ヨワシ,Wishiwashi
747,ヒドイデ,Mareanie
748,ドヒドイデ,Toxapex
749,ドロバンコ,Mudbray
750,バンバドロ,Mudsdale
751,シズクモ,Dewpider
752,オニシズクモ,Araquanid
753,カリキリ,Fomantis
754,ラランテス,Lurantis
755,ネマシュ,Morelull
756,マシェード,Shiinotic
757,ヤトウモリ,Salandit
758,エンニュート,Salazzle
759,ヌイコグマ,Stufful
760,キテルグマ,Bewear
761,アマカジ,Bounsweet
762,アママイコ,Steenee
763,アマージョ,Tsareena
764,キュワワー,Comfey
765,ヤレユータン,Oranguru
766,ナゲツケサル,Passimian
767,コソクムシ,Wimpod
768,グソクムシャ,Golisopod
769,スナバァ,Sandygast
770,シロデスナ,Palossand
771,ナマコブシ,Pyukumuku
772,タイプ：ヌル,Type: Null
773,シルヴァディ,Silvally
774,メテノ,Minior
775,ネッコアラ,Komala
776,バクガメス,Turtonator
777,トゲデマル,Togedemaru
778,ミミッキュ,Mimikyu
779,ハギギシリ,Bruxish
780,ジジーロン,Drampa
781,ダダリン,Dhelmise
782,ジャラコ,Jangmo-o
783,ジャランゴ,Hakamo-o
784,ジャラランガ,Kommo-o
785,カプ・コケコ,Tapu Koko
786,カプ・テテフ,Tapu Lele
787,カプ・ブルル,Tapu Bulu
788,カプ・レヒレ,Tapu Fini
789,コスモッグ,Cosmog
790,コスモウム,Cosmoem
791,ソルガレオ,Solgaleo
792,ルナアーラ,Lunala
793,ウツロイド,Nihilego
794,マッシブーン,Buzzwole
795,フェローチェ,Pheromosa
796,デンジュモク,Xurkitree
797,テッカグヤ,Celesteela
798,カミツルギ,Kartana
799,アクジキング,Guzzlord
800,ネクロズマ,Necrozma
801,マギアナ,Magearna
802,マーシャドー,Marshadow
803,ベベノム,Poipole
804,アーゴヨン,Naganadel
805,ツンデツンデ,Stakataka
806,ズガドーン,Blacephalon
807,ゼラオラ,Zeraora
808,メルタン,Meltan
809,メルメタル,Melmetal
810,サルノリ,Grookey
811,バチンキー,Thwackey
812,ゴリランダー,Rillaboom
813,ヒバニー,Scorbunny
814,ラビフット,Raboot
815,エースバーン,Cinderace
816,メッソン,Sobble
817,ジメレオン,Drizzile
818,インテレオン,Inteleon
819,ホシガリス,Skwovet
820,ヨクバリス,Greedent
821,ココガラ,Rookidee
822,アオガラス,Corvisquire
823,アーマーガア,Corviknight
824,サッチムシ,Blipbug
825,レドームシ,Dottler
826,イオルブ,Orbeetle
827,クスネ,Nickit
828,フォクスライ,Thievul
829,ヒメンカ,Gossifleur
830,ワタシラガ,Eldegoss
831,ウールー,Wooloo
832,バイウールー,Dubwool
833,カムカメ,Chewtle
834,カジリガメ,Drednaw
835,ワンパチ,Yamper
836,パルスワン,Boltund
837,タンドン,Rolycoly
838,トロッゴン,Carkol
839,セキタンザン,Coalossal
840,カジッチュ,Applin
841,アップリュー,Flapple
842,タルップル,Appletun
843,スナヘビ,Silicobra
844,サダイジャ,Sandaconda
845,ウッウ,Cramorant
846,サシカマス,Arrokuda
847,カマスジョー,Barraskewda
848,エレズン,Toxel
849,ストリンダー,Toxtricity
850,ヤクデ,Sizzlipede
851,マルヤクデ,Centiskorch
852,タタッコ,Clobbopus
853,オトスパス,Grapploct
854,ヤバチャ,Sinistea
855,ポットデス,Polteageist
856,ミブリム,Hatenna
857,テブリム,Hattrem
858,ブリムオン,Hatterene
859,ベロバー,Impidimp
860,ギモー,Morgrem
861,オーロンゲ,Grimmsnarl
862,タチフサグマ,Obstagoon
863,ニャイキング,Perrserker
864,サニゴーン,Cursola
865,ネギガナイト,Sirfetch'd
866,バリコオル,Mr. Rime
867,デスバーン,Runerigus
868,マホミル,Milcery
869,マホイップ,Alcremie
870,タイレーツ,Falinks
871,バチンウニ,Pincurchin
872,ユキハミ,Snom
873,モスノウ,Frosmoth
874,イシヘンジン,Stonjourner
875,コオリッポ,Eiscue
876,イエッサン,Indeedee
877,モルペコ,Morpeko
878,ゾウドウ,Cufant
879,ダイオウドウ,Copperajah
880,パッチラゴン,Dracozolt
881,パッチルドン,Arctozolt
882,ウオノラゴン,Dracovish
883,ウオチルドン,Arctovish
884,ジュラルドン,Duraludon
885,ドラメシヤ,Dreepy
886,ドロンチ,Drakloak
887,ドラパルト,Dragapult
888,ザシアン,Zacian
889,ザマゼンタ,Zamazenta
890,ムゲンダイナ,Eternatus
891,ダクマ,Kubfu
892,ウーラオス,Urshifu
893,ザルード,Zarude
894,レジエレキ,Regieleki
895,レジドラゴ,Regidrago
896,ブリザポス,Glastrier
897,レイスポス,Spectrier
898,バドレックス,Calyrex
899,アヤシシ,Wyrdeer
900,バサギリ,Kleavor
901,ガチグマ,Ursaluna
902,イダイトウ,Basculegion
903,オオニューラ,Sneasler
904,ハリーマン,Overqwil
905,ラブトロス,Enamorus
906,ニャオハ,Sprigatito
907,ニャローテ,Floragato
908,マスカーニャ,Meowscarada
909,ホゲータ,Fuecoco
910,アチゲータ,Crocalor
911,ラウドボーン,Skeledirge
912,クワッス,Quaxly
913,ウェルカモ,Quaxwell
914,ウェーニバル,Quaquaval
915,グルトン,Lechonk
916,パフュートン,Oinkologne
917,タマンチュラ,Tarountula
918,ワナイダー,Spidops
919,マメバッタ,Nymble
920,エクスレッグ,Lokix
921,パモ,Pawmi
922,パモット,Pawmo
923,パーモット,Pawmot
924,ワッカネズミ,Tandemaus
925,イッカネズミ,Maushold
926,パピモッチ,Fidough
927,バウッツェル,Dachsbun
928,ミニーブ,Smoliv
929,オリーニョ,Dolliv
930,オリーヴァ,Arboliva
931,イキリンコ,Squawkabilly
932,コジオ,Nacli
933,ジオヅム,Naclstack
934,キョジオーン,Garganacl
935,カルボウ,Charcadet
936,グレンアルマ,Armarouge
937,ソウブレイズ,Ceruledge
938,ズピカ,Tadbulb
939,ハラバリー,Bellibolt
940,カイデン,Wattrel
941,タイカイデン,Kilowattrel
942,オラチフ,Maschiff
943,マフィティフ,Mabosstiff
944,シルシュルー,Shroodle
945,タギングル,Grafaiai
946,アノクサ,Bramblin
947,アノホラグサ,Brambleghast
948,ノノクラゲ,Toedscool
949,リククラゲ,Toedscruel
950,ガケガニ,Klawf
951,カプサイジ,Capsakid
952,スコヴィラン,Scovillain
953,シガロコ,Rellor
954,ベラカス,Rabsca
955,ヒラヒナ,Flittle
956,クエスパトラ,Espathra
957,カヌチャン,Tinkatink
958,ナカヌチャン,Tinkatuff
959,デカヌチャン,Tinkaton
960,ウミディグダ,Wiglett
961,ウミトリオ,Wugtrio
962,オトシドリ,Bombirdier
963,ナミイルカ,Finizen
964,イルカマン,Palafin
965,ブロロン,Varoom
966,ブロロローム,Revavroom
967,モトトカゲ,Cyclizar
968,ミミズズ,Orthworm
969,キラーメ,Glimmet
970,キラフロル,Glimmora
971,ボチ,Greavard
972,ハカドッグ,Houndstone
973,カラミンゴ,Flamigo
974,アルクジラ,Cetoddle
975,ハルクジラ,Cetitan
976,ミガルーサ,Veluza
977,ヘイラッシャ,Dondozo
978,シャリタツ,Tatsugiri
979,コノヨザル,Annihilape
980,ドオー,Clodsire
981,リキキリン,Farigiraf
982,ノココッチ,Dudunsparce
983,ドドゲザン,Kingambit
984,イダイナキバ,Great Tusk
985,サケブシッポ,Scream Tail
986,アラブルタケ,Brute Bonnet
987,ハバタクカミ,Flutter Mane
988,チヲハウハネ,Slither Wing
989,スナノケガワ,Sandy Shocks
990,テツノワダチ,Iron Treads
991,テツノツツミ,Iron Bundle
992,テツノカイナ,Iron Hands
993,テツノコウベ,Iron Jugulis
994,テツノドクガ,Iron Moth
995,テツノイバラ,Iron Thorns
996,セビエ,Frigibax
997,セゴール,Arctibax
998,セグレイブ,Baxcalibur
999,コレクレー,Gimmighoul
1000,サーフゴー,Gholdengo
1001,チオンジェン,Wo-Chien
1002,パオジアン,Chien-Pao
1003,ディンルー,Ting-Lu
1004,イーユイ,Chi-Yu
1005,トドロクツキ,Roaring Moon
1006,テツノブジン,Iron Valiant
1007,コライドン,Koraidon
1008,ミライドン,Miraidon
1009,ウネルミナモ,Walking Wake
1010,テツノイサハ,Iron Leaves
1011,カミッチュ,Dipplin
1012,チャデス,Poltchageist
1013,ヤバソチャ,Sinistcha
1014,イイネイヌ,Okidogi
1015,マシマシラ,Munkidori
1016,キチキギス,Fezandipiti
1017,オーガポン,Ogerpon
10001,へイラッシャ,Dondozo
10002,ウォッシュロトム,Rotom Wash
10003,フロストロトム,Rotom Frost
10004,ヒートロトム,Rotom Heat
10005,スピンロトム,Rotom Fan
10006,カットロトム,Rotom Mow
10007,ルガルガンたそがれ,Lycanroc Dusk
10008,パルデアケンタロス水,Tauros Paldean Water
10009,パルデアケンタロス炎,Tauros Paldean Fire
10010,パルデアケンタロス格闘,Tauros Paldean
10011,ヒスイドレディア,Lilligant Hisuian
10012,ヒスイウォーグル,Braviary Hisuian
10013,ヒスイダイケンキ,Samurott Hisuian
10014,ヒスイバクフーン,Typhlosion Hisuian
10015,ヒスイジュナイパー,Decidueye Hisuian
10016,ヒスイヌメルゴン,Goodra Hisuian
10017,ヒスイウインディ,Arcanine Hisuian
10018,ヒスイマルマイン,Electrode Hisuian
10019,ヒスイゾロアーク,Zoroark Hisuian
10020,化身ランドロス,Landorus Incarnate
10021,化身ボルトロス,Thundurus Incarnate
10022,化身トルネロス,Tornadus Incarnate
10023,化身ラブトロス,Enamorus Incarnate
10024,霊獣ランドロス,Landorus Therian
10025,霊獣ボルトロス,Thundurus Therian
10026,霊獣トルネロス,Tornadus Therian
10027,霊獣ラブトロス,Enamorus Therian
10028,ガラルフリーザー,Articuno Galarian
10029,ガラルサンダー,Zapdos Galarian
10030,ガラルファイヤー,Moltres Galarian
10031,ガラルヤドラン,Slowbro Galarian
10032,ガラルヤドキング,Slowking Galarian
10033,アローラペルシアン,Persian Alolan
10034,アローラベトベトン,Muk Alolan
10035,炎オーガポン,Ogerpon Hearthflame
10035,岩オーガポン,Ogerpon Cornerstone
10035,水オーガポン,Ogerpon Wellspring
10036,イダイトウ・オス,Basculegion Male
10037,イダイトウ・メス,Basculegion Female
10038,ガラルマタドガス,Weezing Galarian
10039,アローラキュウコン,Ninetales Alolan
10040,ガチグマ赫月,Ursaluna Bloodmoon
